course_num,n,slope,intercept,r,t_stat,p_value
6,120,0.000000,49.850000,0.000000,0.000000,1.000000
114,130,0.000000,50.676923,0.000000,0.000000,1.000000
922,84,0.000000,48.928571,0.000000,0.000000,1.000000
927,80,0.000000,110.112500,0.000000,0.000000,1.000000
776,118,0.000000,48.966102,0.000000,0.000000,1.000000
889,38,0.000000,73.000000,0.000000,0.000000,1.000000
765,119,0.000000,49.033613,0.000000,0.000000,1.000000
919,119,0.000000,50.932773,0.000000,0.000000,1.000000
704,100,0.000000,44.810000,0.000000,0.000000,1.000000
800,127,0.000000,49.188976,0.000000,0.000000,1.000000
510,122,0.000000,50.745902,0.000000,0.000000,1.000000
4,104,0.000000,46.951923,0.000000,0.000000,1.000000
104,42,0.000000,75.000000,0.000000,0.000000,1.000000
5,80,0.000000,39.012500,0.000000,0.000000,1.000000
659,142,0.000000,54.971831,0.000000,0.000000,1.000000
232,20,0.000000,10.350000,0.000000,0.000000,1.000000
202,24,0.000000,74.000000,0.000000,0.000000,1.000000
233,28,0.000000,74.000000,0.000000,0.000000,1.000000